{
  "asset_version": 1,
  "camera_shake_amplitude": 0.05000000074505806,
  "camera_shake_duration": 0.1599999964237213,
  "camera_shake_enabled": true,
  "camera_shake_frequency": 30.0,
  "duration": 0.4000000059604645,
  "emitters": [
    {
      "alpha_over_life": [
        {
          "t": 0.0,
          "v": 1.0
        },
        {
          "t": 1.0,
          "v": 0.0
        }
      ],
      "blend_mode": "additive",
      "burst_count": 24,
      "color_over_life": [
        {
          "color": [
            1.0,
            0.949999988079071,
            0.699999988079071,
            1.0
          ],
          "t": 0.0
        },
        {
          "color": [
            1.0,
            0.20000000298023224,
            0.10000000149011612,
            0.0
          ],
          "t": 1.0
        }
      ],
      "color_param": "",
      "depth_test": true,
      "duration": 0.800000011920929,
      "gravity": -3.200000047683716,
      "lifetime_max": 0.23999999463558197,
      "lifetime_min": 0.11999999731779099,
      "local_space": false,
      "lod_far_distance": 68.0,
      "lod_near_distance": 24.0,
      "looping": false,
      "max_distance": 120.0,
      "max_particles": 256,
      "name": "burst",
      "rate_param": "",
      "size_max": 0.09000000357627869,
      "size_min": 0.029999999329447746,
      "size_over_life": [
        {
          "t": 0.0,
          "v": 1.0
        },
        {
          "t": 1.0,
          "v": 0.0
        }
      ],
      "size_param": "",
      "spawn_rate": 0.0,
      "speed_max": 6.199999809265137,
      "speed_min": 2.200000047683716,
      "trail_point_lifetime": 0.44999998807907104,
      "trail_point_step": 0.03999999910593033,
      "trail_width": 0.1599999964237213,
      "type": "sprite",
      "velocity_base": [
        0.0,
        1.5,
        0.0
      ],
      "velocity_random": [
        1.399999976158142,
        1.100000023841858,
        1.399999976158142
      ]
    }
  ],
  "id": "hit_spark",
  "lod_priority": 0,
  "looping": false,
  "max_instances": 24,
  "net_mode": "server_broadcast",
  "postfx_color": [
    1.0,
    0.25,
    0.18000000715255737
  ],
  "postfx_duration": 0.1599999964237213,
  "postfx_intensity": 0.25,
  "postfx_pulse_enabled": true
}
